,id,name,m,q,nni_cap,grafco
0,1,Riso A,10.02,1.05,1.6,"-5,-2.5,0,2.5,5"
1,2,Riso B,3.7,2.05,1.6,"-5,-2.5,-8.881784197001252e-16,2.500000000000001,5"
2,3,Riso C,-5.59,3.17,1.6,"5,2.499999999999999,-8.881784197001252e-16,-2.500000000000001,-5"
3,4,Riso D,0,0,1.6,"0,0,0,0,0"
4,5,Riso E,1,0,1.6,"0,1,2,3,4"
5,6,Riso F,0.5,1,1.6,"1,1.5,2,2.5,3"
